year,theil_t
1,0.170776942
2,0.180095162
3,0.180228805
4,0.183949197
5,0.196331142
6,0.16865549
7,0.194774724
8,0.201224098
9,0.207217169
10,0.200525469
